"distance_km","Duree_min"
2.25240525832309,13.1395666666667
0.618652398179179,3.01561666666667
2.22952923717084,16.3338
0.65790216972517,3.50288333333333
2.29069939686694,11.1028833333333
3.24178255810973,46.4475666666667
1.02644974530899,5.32836666666667
0.669749976593184,4.40201666666667
2.71990774822854,14.5761833333333
1.19769340112059,10.3960833333333
0.31566756217146,4.3424
2.58788874059432,20.7100166666667
0.512645484098283,2.29285
2.48856577350814,10.3892666666667
4.34951527039532,23.2158833333333
4.11627316977253,28.1752666666667
0.558635271681599,4.47958333333333
1.74492304023292,13.4586666666667
0.782704763078666,6.48615
2.1754851747619,10.7924333333333
0.798007671405926,5.65533333333333
0.985250302000129,7.82635
3.1608207486754,13.2974166666667
2.80189099518769,16.4018
1.63043462273884,12.4070833333333
4.45974243868897,23.2722666666667
0.812798363876826,11.8216166666667
4.15908440018149,18.5842
2.3911534022064,18.7361666666667
2.0609689199669,16.4799833333333
3.19469407437336,19.2647333333333
1.08110640143815,5.05336666666667
1.99600304851891,14.8754666666667
0.425064627111299,4.1463
0.882728139840492,7.70925
1.16513621809406,8.87358333333333
3.29533038912259,18.9846666666667
1.90947775026126,6.15615
0.959906052839704,7.79915
1.55240249244579,10.6061
1.93470255800948,12.7337833333333
2.29411372860861,9.8924
1.09011986132881,8.18833333333333
2.89546495145475,15.1198
6.87713106352014,31.0490666666667
1.9046049633576,18.4317833333333
1.63472500916532,10.9267
0.941945488551423,3.32108333333333
4.34106926404356,24.69755
0.957921645540726,5.7743
0.957921645540726,4.82565
0.677393677374662,4.02786666666667
3.57251215380216,25.6018166666667
0.705828193713757,6.09281666666667
0.45287443420534,3.01146666666667
1.74872727081921,11.6060666666667
2.24612739340198,15.1818
0.617240837068662,2.73448333333333
1.44474832530475,11.93935
1.17528449612553,8.5919
1.5194030663152,8.53123333333333
0.379973437029705,1.81646666666667
0.942248982546297,6.48506666666667
1.41322240775174,8.0719
1.19106972803026,7.03231666666667
1.20226961593424,6.3755
0.771345632683167,4.14433333333333
1.54783772594868,8.92628333333333
1.34088933223388,8.27071666666667
0.759182985322913,4.88691666666667
0.549093515032044,3.68663333333333
1.72235835938347,12.2135833333333
0.26132831738813,21.0537166666667
0.723314966413567,4.10251666666667
0.796086036872885,4.61886666666667
2.42776554439997,14.1116
1.2780392966103,9.25866666666667
4.36116934576148,23.98105
2.20258533601109,17.3724833333333
4.826954853987,32.5429666666667
1.28632049544719,8.90775
1.99930779739069,12.3299833333333
1.40213717864594,7.68353333333333
0.329853544929189,18.0529
4.09195064196499,15.72565
0.83250201277204,4.60663333333333
3.62634789831958,20.0391666666667
2.7570386605892,12.91915
0.725718738665925,10.6885333333333
0.784879077330729,6.43955
0.570074193327032,2.69338333333333
2.27229794888533,14.06505
0.813684769356529,5.57746666666667
0.849239831121374,4.6425
0.95210261751284,5.33185
2.09422188137721,25.9677833333333
0.521419674309167,2.35231666666667
1.28474129565709,9.02653333333333
5.07233627347331,18.62455
0.924793675843274,5.72026666666667
0.522768055511745,4.38478333333333
1.1888434293586,8.98575
3.36134979172807,15.16245
1.23291184342259,9.15568333333333
0.581928518729127,5.22496666666667
0.947864917663238,5.3943
1.68609189891769,12.6600833333333
6.67911031932427,30.5644833333333
5.27024791880492,27.4233166666667
2.28439844992769,15.9220333333333
1.30209284129896,9.28496666666667
1.28314479727668,8.32528333333333
2.14678071593251,18.6189833333333
0.742976510190135,4.74565
1.02441794708989,13.8585666666667
0.122387930536923,6.31736666666667
2.45602689528397,17.0460833333333
1.86385556457867,10.0001333333333
0.843787303403662,3.75105
0.691241162867044,3.79208333333333
0.446694856271812,3.1971
1.82090251307363,13.1716166666667
3.73202404237839,14.6906666666667
0.973270818733465,5.40876666666667
0.999227504315336,4.14706666666667
0.692026305250691,4.944
1.44976401652911,5.94071666666667
3.39776363448595,28.7379166666667
0.832847838255875,3.4775
0.362536897022176,2.76988333333333
4.30120961478849,17.5230166666667
0.879011332654638,5.6061
1.32952918823261,6.18903333333333
2.81021685931481,16.6686666666667
0.971866456125772,5.35813333333333
0.972463229596655,5.60681666666667
1.41376417911326,5.7643
0.576472656290638,2.42691666666667
1.74761765574782,9.81985
1.40550026052789,11.1140166666667
0.503637937180652,2.64606666666667
4.20361247243419,20.6728333333333
0.662598284926747,2.22661666666667
1.6118988779827,10.42475
1.71691018788645,11.5511166666667
1.51934547944446,7.1069
0.709290481984732,3.43631666666667
1.00384695359323,6.07996666666667
0.681491702681966,3.60993333333333
3.6629704581178,24.31215
0.68641233555759,5.95498333333333
4.34499355683765,21.75685
0.408666891355156,4.04596666666667
1.61821938596842,9.25245
1.88952626109114,11.7814833333333
6.36939149554099,35.0311333333333
3.22838060574114,18.8959333333333
1.16427932046342,10.2963
0.378746119826298,1.50576666666667
4.01798562270273,16.5509
1.79544512762476,11.5769
0.326381247544589,1.48671666666667
1.12124093970426,8.2962
1.05174028466678,8.9798
2.59309309047738,19.86865
4.83306303827571,22.0036833333333
8.84582145696421,53.3511833333333
1.10810777721279,9.19643333333333
1.0439756874474,6.95153333333333
6.56258723033317,30.5135833333333
0.383119523055639,1.78133333333333
1.49609965773694,8.14668333333333
4.19928791158138,26.0332
2.75563216444207,19.5899666666667
0.504118549003023,11.04955
2.40595894604941,20.6567666666667
1.74150402647698,15.14115
1.90482346817192,11.1513166666667
5.15662151688691,32.8830333333333
1.31021986948652,7.28566666666667
2.43856095466863,17.3077333333333
2.36302545895481,12.3768166666667
2.20641584608636,22.5504666666667
3.47523482922671,22.59785
1.99264047823803,10.1340833333333
1.49573012230998,7.1842
1.75008648670026,6.45876666666667
0.92535484099606,6.40586666666667
3.27107229008255,15.4543166666667
0.692955627747516,3.88641666666667
1.09779386168999,6.24786666666667
0.916794223594668,11.04305
0.137183623612961,1.42295
4.77571927066157,33.9836
2.36552220751938,11.4230333333333
0.494122811267348,3.33085
0.913046148409189,4.70263333333333
1.18726960548137,6.83875
3.06139488023159,22.3284333333333
2.37042470119534,18.78955
1.91784237591585,12.6527666666667
1.63222511177286,12.6420833333333
1.9251376508391,9.02375
3.53893554856542,19.8070666666667
6.19812270569527,26.7016833333333
1.69063465169352,12.1222666666667
1.91289386195134,13.6113833333333
2.03250398345454,8.09253333333333
3.72541319374968,17.4151166666667
3.3348876383725,21.4504
2.60405337316755,11.4966333333333
3.5777057606842,29.9751833333333
3.27696846044081,12.1411166666667
1.49486414536416,10.0272
3.05617993478492,30.8230833333333
2.62936261335712,18.99645
0.971866456125772,6.80525
1.32637712028343,8.27828333333333
2.3589484078636,22.5401333333333
1.27900885405909,6.41603333333333
0.735072625787035,5.0857
1.99397526553588,43.6528666666667
1.86239190088757,9.03188333333333
0.751629772680919,12.56785
4.55410436256387,27.8359666666667
1.84772135714861,8.31393333333333
1.29578302686843,5.43716666666667
1.69725072362686,16.79815
2.01145819761424,18.1912833333333
3.42336888051801,16.0423666666667
0.145612187734834,3.25153333333333
1.44526021648907,5.45633333333333
2.36252037799278,12.2295166666667
0.908416630284646,7.8968
2.83160358353208,11.1519166666667
1.27858837907007,9.08486666666667
2.73339185970148,11.7172
1.68446935444619,6.32811666666667
1.35875757660759,14.77705
0.641252789636797,7.00035
1.76763100883116,7.52046666666667
3.26706891038112,19.9260666666667
0.965154152633723,5.67423333333333
2.47000559513628,25.1183166666667
0.958730676566592,7.68765
2.35665393231585,14.0787833333333
2.86044981585497,12.182
0.564882108702907,16.1895166666667
1.92104688573714,12.55495
1.72987467898149,10.1188666666667
0.970750475481583,4.52093333333333
5.8499183349491,38.73915
0.56100445296096,11.9709
1.96713792248487,10.2597166666667
2.93475757569411,17.1726166666667
2.04588300521353,13.6399
2.95059716454051,18.1996166666667
0.399253926787712,3.7863
0.698870389436547,5.60161666666667
2.52084237404527,17.64055
0.384116243195127,2.92871666666667
4.15354979241216,27.8326166666667
1.5020213933439,7.32938333333333
1.04715146018671,7.41813333333333
3.05256114773132,14.30925
1.74536398425345,9.70608333333333
1.25012447450498,15.6743833333333
1.45517513150431,4.53493333333333
1.83592227294675,8.32015
3.6679790363396,28.5085833333333
2.19383814903999,12.0334833333333
0.928070971568958,5.41531666666667
2.44471097877983,13.7464833333333
1.00589711157822,7.25243333333333
1.38539397775034,5.81953333333333
0.759531053683418,6.66101666666667
1.10949134195544,12.07835
0.277000575073666,1.84841666666667
4.0623145330229,19.6057833333333
4.16911156463246,29.70935
2.56426977101528,19.5515666666667
1.27535415300718,7.1172
1.15158775346531,8.1117
0.71503888353459,3.9462
0.464923216815839,2.36651666666667
2.32124364624299,12.32465
1.72029644212596,9.3514
0.335700444258085,2.43913333333333
1.21519917473216,11.9258166666667
1.54883507565238,12.03215
3.0633904742513,26.0233166666667
4.85538074862799,21.8626
1.80043537374079,13.1976833333333
3.26056567647138,13.5144
2.68550047373454,12.90195
0.991965417500393,9.40131666666667
4.45000749396444,19.0284333333333
5.33808487064473,27.4661166666667
1.17624489240074,6.63461666666667
3.65033741457268,21.2921833333333
3.6158620901885,15.9898333333333
4.75094079756523,23.6799333333333
0.808371336947764,7.13918333333333
3.41518992655094,18.4096
2.32185264193425,15.3876666666667
3.99554778286202,16.9573833333333
1.86544868761396,9.12836666666667
2.21127234639004,22.54165
1.25000734186789,12.0830833333333
0.595665257488624,3.60095
5.90074548560071,38.3326833333333
0.807602313758132,5.62198333333333
0.533061069144592,4.59293333333333
1.589103097578,9.40513333333333
2.33501707430391,12.7075333333333
2.70548763636135,13.6036
4.24094970336589,24.5215166666667
0.30560498964478,1.86258333333333
3.06382918131759,33.09805
2.72203162530996,16.5690833333333
1.99811501595908,15.7006
1.32284465559716,11.5851
2.699316610874,32.0383833333333
1.12081545078799,6.58176666666667
1.24695611794931,6.51131666666667
0.692061302329128,6.00185
0.985391695201941,9.5474
0.28963757724493,2.37461666666667
1.66988506650637,10.4637
2.60992666418582,16.1619833333333
2.45455201704603,21.5178333333333
0.212671612200512,1.55326666666667
0.491114556750238,8.02835
2.43062696119455,18.6839333333333
3.28415417026752,17.4396833333333
0.504282991528469,3.9533
2.84108209178028,15.4717166666667
3.68287445921267,29.5397166666667
1.03137477289603,5.49068333333333
4.17463769999907,27.10415
1.4619450782008,6.34233333333333
0.976424139857573,4.43011666666667
1.66987924971865,10.1373166666667
1.34393546913006,7.04221666666667
1.28474129565709,10.32695
0.946606355445039,6.01253333333333
4.39565222546031,32.3362666666667
2.25868813226063,26.3441166666667
1.4406002479389,6.93821666666667
2.04247352065111,7.9143
4.60633223219118,21.5123666666667
1.59741880357664,7.35635
2.29400641707562,18.5970166666667
0.598541219790331,10.1039
1.47594522805662,9.18805
1.25151052645986,7.63175
1.84772135714861,10.98085
0.969752415543568,9.17321666666667
2.25740866611422,11.4481333333333
2.47344825213105,13.51055
3.97221257516124,24.7678166666667
0.370109237861034,2.36718333333333
1.59143036382266,6.90995
1.30034239361331,9.44073333333333
2.05286993968414,8.18236666666667
5.82661280596013,28.45695
0.607890821026534,5.40261666666667
5.33670564049348,34.6741
0.733722478821266,6.46428333333333
0.679764750066117,3.4219
3.88441812955372,24.2530333333333
1.89059103838047,16.2837333333333
0.478417915692003,3.92373333333333
2.1193706483814,7.70616666666667
2.15811368319144,12.2559833333333
2.45664765215621,11.6317
1.02506336290597,5.4688
1.89545157262448,11.4172833333333
2.20124552070265,21.3342333333333
1.19030650158975,6.4337
1.33963143534509,19.5112833333333
1.4266396203597,10.0050666666667
0.841146933134029,6.90265
3.07476091971541,16.35225
1.64974789372103,41.0451
0.984213050909964,6.92968333333333
2.43149630191918,22.1719833333333
1.99358069969595,15.5908333333333
0.425130753701594,1.63533333333333
1.56150097534498,8.87116666666667
1.11462990015415,10.304
1.31774095009121,6.91315
8.03792159575809,48.13035
1.35667259794638,6.53086666666667
2.94694644886356,18.6984333333333
1.79655945205501,10.5441333333333
0.694919792103261,3.91768333333333
3.76762966006336,23.3973666666667
1.35187167180266,5.4535
1.03145108723168,5.2909
0.391401243129232,2.39065
0.240833269024985,1.35955
1.56416330938448,5.67575
2.00802304693914,15.38475
1.34136304017472,5.33408333333333
2.5762985570336,18.3592333333333
2.26345313670073,12.7721333333333
2.57478426316059,12.7327
0.915567550751996,3.69676666666667
2.96409295614362,22.2880833333333
0.71629191401912,6.60786666666667
0.875111533163849,5.0071
1.6604033853623,9.1932
1.35679024029428,15.49005
0.757983092107349,4.34733333333333
0.896602271453173,7.15228333333333
1.18163930822647,8.67123333333333
2.82953612038574,19.0543
0.570593399807713,5.01645
2.04756919278036,10.41275
7.70124694018924,25.1678666666667
5.56658311188754,21.46305
1.04029317215455,5.20406666666667
0.945962690411189,4.21778333333333
1.09009740952396,6.71945
1.5905647758605,11.6474833333333
0.512334162166994,4.38313333333333
1.05041472741461,9.61991666666667
2.37269802957592,19.9631
1.56177348917744,7.08778333333333
3.14401352782535,14.4187333333333
0.993447723088766,9.17841666666667
3.72852615761444,19.6095
1.0677310046661,4.16358333333333
2.10482081035558,11.5299166666667
2.15748374817634,15.0569666666667
1.17469312011594,7.32996666666667
1.40429276187059,11.6113333333333
0.905973098466133,7.10315
0.827914032241924,8.51485
0.819786005189218,6.707
0.653904544522205,3.6867
0.979830347452609,8.11933333333333
0.523616827724855,4.97085
3.33863300870482,13.0059166666667
1.74095867388537,11.9583333333333
2.71029643672404,13.3852666666667
0.838644037616518,5.65558333333333
1.16462110718372,7.07616666666667
0.485906538855409,2.77588333333333
1.31464573623589,18.5549833333333
2.00784067945862,12.9068166666667
1.08988218527407,8.10535
2.82855539632971,22.4869833333333
0.980744627300088,5.80806666666667
1.17887109157808,5.73725
0.585621476971982,4.00725
0.96323672395533,4.50178333333333
1.79410464147531,12.3852333333333
2.80264882765852,13.54755
1.54519902696179,12.8984666666667
0.861492310658804,6.27871666666667
0.787722099595426,5.688
2.67559313328291,19.0069833333333
1.3927286829188,11.1107833333333
0.511444887894422,2.63553333333333
0.699168844544756,5.70616666666667
3.14416159452528,26.75575
2.28053512341453,13.0693666666667
2.72700483328925,11.4502
0.507871134411035,46.9570666666667
0.212671612200512,1.8268
2.26086133985077,28.0507833333333
1.4156222213776,10.9504666666667
2.14558889145692,13.5884166666667
1.35977620369937,8.03385
2.07041874059279,19.0025166666667
1.11806714435921,11.1073333333333
1.93322317956807,7.30328333333333
1.26340558110086,9.82353333333333
1.49989232685786,15.4139666666667
2.6236762992671,17.7359166666667
0.31781000976431,1.3965
3.2411693373215,28.6108666666667
2.67458289809351,10.7307333333333
1.40947581151664,7.11706666666667
0.403004837085094,5.35093333333333
1.27378627183235,7.2517
1.34353100728836,9.2113
0.664447696489373,5.12125
0.667239006625391,7.38335
1.64563844635888,12.92065
5.38899571286413,47.1503833333333
1.25981280858851,8.49296666666667
2.17288928293373,13.7388333333333
1.47754813204907,7.34308333333333
5.16172788899969,31.6890166666667
2.12467354861307,12.2275833333333
0.881043964545633,3.55355
6.31287391853235,23.3137
